Area,Bedrooms,Bathrooms,Floor,AgeOfProperty,Furnishing,Parking,City,Rent
1811,1,2,5,10,Furnished,Yes,Delhi,78641
434,2,1,10,1,Furnished,Yes,Delhi,44906
2468,2,2,9,14,Furnished,Yes,Delhi,107895
1989,4,2,3,15,Unfurnished,No,Bangalore,90573
1860,5,3,5,0,Semi-Furnished,No,Pune,91647
2162,1,3,10,4,Furnished,No,Hyderabad,85403
2127,4,3,16,8,Unfurnished,No,Chennai,80877
819,4,2,5,1,Furnished,Yes,Hyderabad,64741
2485,2,1,17,5,Unfurnished,Yes,Bangalore,99456
2490,2,2,3,1,Furnished,No,Hyderabad,94190
2017,5,3,11,5,Semi-Furnished,Yes,Mumbai,145489
2590,4,1,18,2,Unfurnished,Yes,Hyderabad,101343
1816,5,3,7,4,Furnished,Yes,Ahmedabad,74909
1323,2,4,10,15,Semi-Furnished,Yes,Chennai,58488
1294,2,4,2,3,Semi-Furnished,No,Chennai,54435
2953,3,1,17,0,Furnished,Yes,Ahmedabad,87321
2496,3,4,11,10,Furnished,Yes,Pune,99569
1661,1,2,14,6,Unfurnished,Yes,Delhi,73660
454,5,3,11,0,Furnished,Yes,Pune,64010
838,4,2,18,11,Furnished,No,Bangalore,68157
1946,5,3,17,10,Semi-Furnished,No,Delhi,118033
1143,4,1,8,5,Unfurnished,No,Chennai,50182
2005,4,1,8,3,Furnished,No,Hyderabad,91495
608,1,1,9,11,Furnished,No,Pune,27820
2078,3,2,20,14,Unfurnished,Yes,Bangalore,95018
1042,1,1,2,3,Semi-Furnished,Yes,Pune,38661
2900,1,4,10,3,Semi-Furnished,Yes,Pune,96645
443,3,2,20,4,Furnished,No,Mumbai,65240
2613,1,4,9,8,Semi-Furnished,Yes,Delhi,112465
701,1,1,19,8,Furnished,Yes,Ahmedabad,31580
2244,1,4,14,4,Semi-Furnished,No,Delhi,104193
1946,5,3,9,3,Unfurnished,No,Delhi,116143
2152,2,4,12,7,Unfurnished,No,Bangalore,95960
2382,3,2,9,8,Furnished,Yes,Bangalore,107354
1376,4,4,9,2,Unfurnished,No,Chennai,67259
2718,1,1,18,12,Furnished,No,Hyderabad,88650
812,4,4,11,7,Semi-Furnished,Yes,Pune,61609
543,4,3,16,14,Semi-Furnished,No,Mumbai,71670
1826,4,2,1,12,Unfurnished,Yes,Pune,75606
973,4,2,20,15,Unfurnished,Yes,Bangalore,64421
1520,5,1,4,4,Unfurnished,Yes,Bangalore,83515
500,4,3,18,8,Unfurnished,Yes,Mumbai,74310
856,1,1,5,6,Furnished,Yes,Bangalore,44363
2756,3,1,14,5,Semi-Furnished,No,Hyderabad,103797
2524,5,3,16,7,Unfurnished,No,Ahmedabad,79769
2877,1,3,9,12,Furnished,No,Chennai,83041
590,2,2,9,4,Furnished,No,Delhi,51444
2291,5,2,12,8,Unfurnished,No,Pune,90715
1513,3,1,2,10,Furnished,Yes,Pune,62870
1321,3,3,3,12,Furnished,No,Chennai,59150
1222,4,4,4,2,Furnished,Yes,Pune,76226
1200,3,1,12,3,Furnished,No,Bangalore,72834
803,4,1,4,14,Semi-Furnished,Yes,Pune,48980
1527,1,3,15,11,Semi-Furnished,Yes,Pune,60706
2956,1,2,7,4,Semi-Furnished,No,Pune,91555
609,4,1,12,15,Furnished,No,Pune,44529
2120,5,2,15,7,Furnished,No,Hyderabad,101920
1948,3,2,19,4,Furnished,Yes,Mumbai,129202
2184,5,2,15,10,Semi-Furnished,Yes,Bangalore,116243
1102,4,3,18,9,Furnished,Yes,Bangalore,82727
2196,4,2,7,5,Semi-Furnished,Yes,Delhi,116224
798,3,3,4,11,Unfurnished,No,Hyderabad,44248
1911,5,3,14,3,Furnished,Yes,Pune,99822
1634,1,4,17,14,Furnished,Yes,Hyderabad,69694
1174,4,2,11,6,Semi-Furnished,No,Delhi,77376
2985,4,3,3,15,Furnished,No,Pune,107066
719,4,2,8,15,Semi-Furnished,Yes,Pune,50663
601,2,4,8,1,Furnished,Yes,Ahmedabad,38155
672,1,2,3,11,Furnished,Yes,Pune,35893
1374,1,4,13,2,Unfurnished,Yes,Ahmedabad,48895
1103,5,4,1,1,Semi-Furnished,No,Delhi,95395
2998,5,2,10,2,Semi-Furnished,Yes,Mumbai,179705
481,4,2,3,14,Furnished,No,Hyderabad,45200
1760,2,4,1,7,Unfurnished,Yes,Ahmedabad,56918
513,5,1,13,9,Unfurnished,No,Ahmedabad,31895
1966,3,3,11,6,Unfurnished,Yes,Pune,77356
692,1,2,20,5,Unfurnished,Yes,Pune,38315
2928,2,1,17,4,Unfurnished,Yes,Pune,94083
1276,2,4,13,11,Unfurnished,Yes,Chennai,52962
899,3,2,3,14,Unfurnished,No,Bangalore,51690
1472,3,3,20,5,Furnished,No,Pune,72624
1709,3,2,15,4,Semi-Furnished,Yes,Ahmedabad,61216
830,3,4,11,8,Semi-Furnished,Yes,Ahmedabad,46202
2641,3,4,3,13,Semi-Furnished,Yes,Ahmedabad,76171
2269,1,2,14,9,Unfurnished,No,Ahmedabad,55508
1558,5,2,16,2,Unfurnished,No,Delhi,98229
1228,3,3,20,15,Semi-Furnished,Yes,Bangalore,77864
1572,2,1,6,12,Unfurnished,No,Pune,52664
2533,4,1,12,10,Furnished,No,Delhi,120688
2868,5,3,11,12,Furnished,Yes,Delhi,146498
1004,1,4,16,12,Furnished,Yes,Ahmedabad,45221
1383,5,2,9,5,Semi-Furnished,No,Chennai,66547
2624,5,3,6,13,Furnished,Yes,Hyderabad,117058
545,4,3,10,13,Furnished,No,Pune,50122
2778,4,2,8,13,Semi-Furnished,No,Chennai,90848
447,4,3,17,15,Unfurnished,No,Pune,40595
459,5,3,11,11,Furnished,Yes,Chennai,52170
1699,2,4,14,10,Furnished,Yes,Delhi,97285
822,3,2,12,5,Unfurnished,Yes,Hyderabad,54009
2026,5,3,19,1,Furnished,Yes,Pune,103102
2388,3,2,17,9,Furnished,No,Pune,89729
579,4,4,5,11,Unfurnished,Yes,Pune,52364
1614,2,1,11,10,Furnished,No,Bangalore,71612
455,3,1,20,15,Unfurnished,Yes,Chennai,32530
1264,5,3,13,7,Furnished,Yes,Delhi,101648
936,2,3,8,6,Unfurnished,No,Pune,43680
1313,1,4,6,1,Semi-Furnished,No,Pune,58133
1952,4,4,19,10,Semi-Furnished,No,Mumbai,139872
902,5,4,17,2,Unfurnished,No,Ahmedabad,52445
2371,4,1,3,0,Unfurnished,No,Bangalore,106977
1921,5,4,9,0,Semi-Furnished,Yes,Mumbai,148393
1423,4,1,3,0,Furnished,Yes,Ahmedabad,59424
779,4,4,16,0,Furnished,Yes,Bangalore,78715
2557,1,2,7,4,Semi-Furnished,Yes,Bangalore,98755
2878,5,3,19,14,Semi-Furnished,Yes,Hyderabad,123085
1031,3,1,3,7,Semi-Furnished,Yes,Ahmedabad,40706
669,5,1,2,2,Unfurnished,Yes,Chennai,45578
505,1,3,12,15,Unfurnished,Yes,Chennai,25479
1641,5,2,7,6,Unfurnished,No,Delhi,97281
2741,2,2,20,4,Semi-Furnished,Yes,Pune,95649
1233,5,1,3,1,Unfurnished,Yes,Chennai,59454
2998,4,4,4,13,Semi-Furnished,No,Mumbai,173092
2572,5,1,9,13,Unfurnished,No,Ahmedabad,72265
2345,4,3,17,8,Furnished,No,Delhi,124210
2232,3,3,1,9,Semi-Furnished,No,Hyderabad,89387
513,1,1,20,10,Semi-Furnished,No,Pune,27004
979,1,4,17,14,Semi-Furnished,Yes,Ahmedabad,40011
2806,2,3,3,12,Unfurnished,Yes,Hyderabad,94377
1116,4,1,5,1,Semi-Furnished,No,Mumbai,86467
2324,4,3,8,4,Semi-Furnished,Yes,Pune,95854
1115,3,2,7,12,Semi-Furnished,No,Ahmedabad,41185
2734,4,4,13,4,Furnished,No,Delhi,145691
464,3,2,5,12,Semi-Furnished,No,Pune,33481
2578,1,2,10,11,Furnished,Yes,Hyderabad,88862
1385,5,1,15,11,Semi-Furnished,Yes,Ahmedabad,57495
2353,2,2,19,8,Unfurnished,Yes,Mumbai,125361
1482,4,3,14,11,Furnished,No,Mumbai,112703
2481,5,4,15,9,Unfurnished,No,Hyderabad,112807
1005,2,3,16,11,Semi-Furnished,Yes,Mumbai,81497
2597,5,4,12,5,Semi-Furnished,No,Pune,109332
2387,3,4,1,5,Furnished,No,Hyderabad,103907
1347,3,3,2,8,Semi-Furnished,Yes,Bangalore,77085
540,3,2,1,4,Unfurnished,No,Mumbai,57694
1230,4,3,8,8,Furnished,No,Bangalore,83200
1698,4,4,16,5,Furnished,No,Pune,84720
2833,1,4,16,5,Unfurnished,Yes,Hyderabad,103081
1007,2,4,6,5,Semi-Furnished,Yes,Mumbai,86309
2932,3,4,11,13,Unfurnished,Yes,Hyderabad,113666
1590,4,4,19,0,Semi-Furnished,Yes,Ahmedabad,68998
1991,5,1,5,15,Furnished,No,Mumbai,127435
680,4,1,18,11,Furnished,No,Hyderabad,54045
2539,5,4,10,14,Semi-Furnished,No,Mumbai,166635
787,2,2,19,7,Furnished,Yes,Pune,45818
2094,5,4,17,0,Semi-Furnished,No,Delhi,133677
2055,5,2,10,11,Semi-Furnished,Yes,Mumbai,135790
1735,2,4,17,14,Unfurnished,No,Chennai,62164
875,3,1,9,11,Semi-Furnished,No,Bangalore,54125
1282,5,4,14,8,Unfurnished,No,Mumbai,119739
1938,5,4,19,9,Semi-Furnished,No,Mumbai,146808
2480,2,2,17,2,Semi-Furnished,Yes,Hyderabad,94895
2839,3,3,3,2,Unfurnished,Yes,Pune,98940
830,2,2,1,8,Unfurnished,Yes,Bangalore,47590
798,4,4,3,0,Furnished,No,Chennai,57500
1323,1,3,20,2,Furnished,No,Delhi,77222
589,2,4,9,4,Unfurnished,Yes,Delhi,52540
2729,5,4,7,7,Unfurnished,Yes,Mumbai,173772
2947,4,1,20,12,Semi-Furnished,No,Chennai,98351
432,5,1,8,6,Unfurnished,No,Delhi,55066
2833,2,4,11,13,Unfurnished,Yes,Pune,93745
513,4,4,2,9,Furnished,Yes,Hyderabad,59136
1716,4,3,10,11,Semi-Furnished,No,Ahmedabad,60749
1239,4,3,8,3,Furnished,No,Ahmedabad,56169
574,1,2,20,0,Unfurnished,No,Hyderabad,32997
2551,1,3,9,1,Semi-Furnished,Yes,Mumbai,135286
735,2,4,1,10,Semi-Furnished,No,Pune,40521
955,5,3,10,6,Furnished,Yes,Ahmedabad,55819
2698,2,4,16,10,Furnished,No,Ahmedabad,78576
2842,1,4,7,5,Semi-Furnished,No,Mumbai,145081
2395,4,4,20,2,Furnished,No,Bangalore,131652
2842,4,3,8,6,Semi-Furnished,Yes,Pune,106722
623,5,2,9,8,Semi-Furnished,No,Hyderabad,54431
684,1,1,8,8,Semi-Furnished,No,Mumbai,45263
1964,4,4,12,7,Semi-Furnished,No,Chennai,81104
1840,2,2,9,12,Furnished,Yes,Hyderabad,76966
1993,1,1,5,8,Furnished,Yes,Pune,62706
2446,5,1,2,10,Furnished,No,Ahmedabad,77920
2932,3,4,3,7,Furnished,Yes,Ahmedabad,89409
774,3,1,10,14,Semi-Furnished,Yes,Mumbai,59983
1025,5,4,18,10,Semi-Furnished,Yes,Chennai,69034
491,2,3,9,14,Semi-Furnished,No,Chennai,32933
1809,2,3,12,14,Semi-Furnished,No,Pune,68286
478,5,3,17,9,Unfurnished,No,Hyderabad,57005
1745,4,4,16,13,Furnished,Yes,Hyderabad,93573
615,5,1,2,13,Semi-Furnished,No,Chennai,44664
2545,4,4,18,6,Unfurnished,Yes,Hyderabad,113290
431,3,3,10,3,Semi-Furnished,Yes,Chennai,39645
782,4,2,20,13,Semi-Furnished,Yes,Ahmedabad,41022
1456,1,3,10,5,Semi-Furnished,Yes,Delhi,73710
2467,5,2,6,1,Semi-Furnished,Yes,Hyderabad,108288
2070,3,4,1,3,Furnished,Yes,Bangalore,105815
1070,4,3,14,5,Furnished,Yes,Ahmedabad,56720
912,4,2,3,10,Unfurnished,No,Pune,47512
2265,5,2,18,9,Furnished,No,Mumbai,150998
487,5,1,15,10,Furnished,No,Ahmedabad,40989
1765,1,4,19,7,Unfurnished,No,Bangalore,82011
1398,4,3,10,11,Furnished,No,Pune,69968
681,5,3,17,7,Semi-Furnished,Yes,Ahmedabad,49266
1856,2,1,17,4,Unfurnished,Yes,Pune,67792
2529,2,2,8,13,Furnished,No,Bangalore,99173
2307,3,4,10,15,Furnished,No,Mumbai,138144
788,4,4,15,15,Furnished,Yes,Pune,63546
1882,5,2,18,2,Semi-Furnished,No,Chennai,81385
965,1,4,1,13,Unfurnished,No,Bangalore,45895
2071,2,4,16,12,Furnished,Yes,Bangalore,99606
2894,4,2,3,2,Semi-Furnished,No,Delhi,137177
3000,1,2,3,3,Furnished,No,Pune,94112
2513,5,2,16,12,Furnished,Yes,Pune,103087
1336,3,1,2,0,Semi-Furnished,No,Ahmedabad,48587
991,4,2,16,1,Furnished,No,Chennai,58091
1612,5,3,3,7,Semi-Furnished,No,Chennai,76343
1750,2,4,9,5,Semi-Furnished,Yes,Delhi,95100
2117,5,2,12,7,Unfurnished,Yes,Pune,89243
492,3,3,2,3,Furnished,Yes,Pune,44229
1622,3,2,1,3,Unfurnished,No,Hyderabad,68864
2209,2,3,19,6,Furnished,No,Pune,86587
2780,4,2,20,4,Unfurnished,No,Mumbai,163663
2896,1,2,17,8,Unfurnished,No,Pune,87757
1973,3,4,6,2,Semi-Furnished,Yes,Ahmedabad,69327
943,1,2,7,12,Semi-Furnished,No,Ahmedabad,30928
1074,5,4,19,11,Unfurnished,No,Bangalore,86935
2810,1,3,19,9,Furnished,No,Hyderabad,99140
2758,5,3,7,14,Semi-Furnished,Yes,Chennai,102977
420,5,2,6,1,Unfurnished,No,Pune,44546
1670,1,3,18,11,Semi-Furnished,Yes,Delhi,78255
1504,4,3,11,1,Unfurnished,Yes,Hyderabad,82445
1953,1,4,7,11,Furnished,No,Hyderabad,73977
853,1,3,19,11,Furnished,Yes,Delhi,56464
1905,2,2,13,6,Furnished,No,Mumbai,112868
1046,5,1,17,5,Furnished,No,Bangalore,81476
1544,1,3,15,15,Semi-Furnished,Yes,Mumbai,86992
2250,5,2,5,2,Furnished,No,Bangalore,116639
2033,4,2,5,15,Unfurnished,No,Pune,73380
2064,3,3,11,11,Furnished,Yes,Chennai,83122
2099,4,4,16,1,Semi-Furnished,No,Mumbai,149615
2067,3,1,10,13,Semi-Furnished,No,Delhi,94309
1065,1,4,10,1,Furnished,No,Delhi,67587
807,1,2,5,9,Furnished,No,Chennai,32065
2804,3,2,9,5,Furnished,Yes,Pune,101409
2390,2,1,11,5,Semi-Furnished,No,Delhi,103178
680,1,1,15,6,Furnished,Yes,Mumbai,50837
1665,5,2,5,11,Unfurnished,No,Hyderabad,81541
2895,5,1,9,10,Semi-Furnished,Yes,Delhi,136853
1213,1,2,15,13,Semi-Furnished,No,Pune,43612
820,1,2,20,12,Furnished,Yes,Chennai,40372
2988,2,1,5,1,Furnished,No,Delhi,122770
696,5,2,1,10,Unfurnished,Yes,Bangalore,63638
1768,3,2,13,10,Semi-Furnished,Yes,Bangalore,85227
1402,4,4,1,14,Furnished,No,Bangalore,87759
872,4,2,2,4,Furnished,Yes,Mumbai,88879
2441,4,4,14,9,Furnished,Yes,Delhi,131855
1596,3,1,4,8,Furnished,No,Ahmedabad,53493
1962,5,2,5,7,Semi-Furnished,Yes,Pune,89640
1556,4,4,9,8,Unfurnished,No,Pune,73414
455,3,4,10,11,Unfurnished,No,Pune,40604
2468,2,1,9,4,Unfurnished,No,Bangalore,96045
2566,2,2,7,10,Semi-Furnished,Yes,Delhi,109586
1196,1,1,3,8,Unfurnished,Yes,Delhi,48668
2938,3,3,4,2,Unfurnished,No,Ahmedabad,80346
2610,1,1,2,6,Unfurnished,Yes,Mumbai,117092
1096,4,1,12,3,Furnished,Yes,Ahmedabad,54475
1038,2,1,17,11,Unfurnished,No,Bangalore,51187
2714,4,3,7,9,Unfurnished,Yes,Delhi,132404
2371,5,3,13,12,Unfurnished,No,Mumbai,155084
809,4,2,6,0,Semi-Furnished,Yes,Chennai,50499
1095,2,1,11,7,Unfurnished,Yes,Chennai,41374
1415,2,1,2,7,Semi-Furnished,No,Chennai,49002
2569,3,2,14,6,Unfurnished,Yes,Hyderabad,100131
2860,4,2,15,8,Unfurnished,No,Mumbai,163315
911,5,2,6,7,Furnished,No,Mumbai,92150
2680,3,1,12,12,Unfurnished,No,Mumbai,134968
730,4,2,10,11,Furnished,No,Mumbai,77155
1761,1,1,20,5,Unfurnished,No,Delhi,72605
961,1,2,7,9,Furnished,No,Chennai,38822
2601,1,3,14,5,Semi-Furnished,Yes,Pune,89693
2234,5,2,11,7,Furnished,No,Ahmedabad,79904
580,5,3,10,7,Furnished,No,Ahmedabad,48484
581,1,1,18,5,Unfurnished,No,Bangalore,33279
2095,1,1,17,0,Furnished,No,Hyderabad,75103
1337,3,1,7,13,Furnished,No,Ahmedabad,46823
893,1,4,20,0,Furnished,No,Ahmedabad,46109
1708,4,3,8,11,Semi-Furnished,No,Chennai,69765
460,5,2,7,7,Semi-Furnished,No,Bangalore,61373
1386,4,3,10,0,Semi-Furnished,Yes,Delhi,94074
602,1,1,19,4,Unfurnished,Yes,Mumbai,48325
2495,4,1,3,14,Furnished,Yes,Pune,89594
571,5,1,8,9,Unfurnished,Yes,Bangalore,55094
2770,4,2,13,4,Unfurnished,No,Bangalore,122120
2700,5,4,5,15,Unfurnished,Yes,Hyderabad,112957
835,4,1,1,10,Furnished,No,Delhi,62359
2632,2,3,13,14,Semi-Furnished,Yes,Mumbai,138330
1816,2,3,5,8,Unfurnished,Yes,Mumbai,105523
1372,5,1,3,14,Unfurnished,Yes,Mumbai,100489
1579,3,4,2,1,Unfurnished,No,Pune,69508
1102,5,1,13,8,Unfurnished,No,Mumbai,94924
1487,1,4,10,4,Semi-Furnished,No,Mumbai,91638
857,2,4,15,11,Furnished,Yes,Pune,56520
2577,3,1,7,7,Furnished,Yes,Mumbai,140894
1007,3,1,9,3,Semi-Furnished,Yes,Chennai,47949
2333,4,3,7,4,Semi-Furnished,Yes,Chennai,92616
1010,4,3,15,0,Unfurnished,No,Chennai,57541
2047,3,2,10,11,Semi-Furnished,Yes,Delhi,98233
2880,5,1,11,1,Semi-Furnished,No,Chennai,102868
2637,3,2,13,4,Semi-Furnished,No,Pune,95914
2797,2,4,18,1,Semi-Furnished,No,Ahmedabad,81445
719,1,3,2,4,Furnished,Yes,Hyderabad,42075
972,5,2,4,11,Furnished,Yes,Ahmedabad,52536
667,4,3,19,2,Furnished,Yes,Ahmedabad,47615
1084,1,4,10,7,Unfurnished,Yes,Bangalore,57241
2468,4,2,19,1,Unfurnished,No,Mumbai,154058
1457,3,4,11,15,Unfurnished,No,Hyderabad,65942
1542,4,1,17,6,Unfurnished,No,Ahmedabad,54550
457,3,2,12,8,Furnished,No,Ahmedabad,31214
576,5,4,15,7,Semi-Furnished,No,Ahmedabad,47631
2293,1,3,15,7,Furnished,Yes,Delhi,106235
718,3,1,2,9,Furnished,Yes,Mumbai,61827
1260,4,1,11,0,Furnished,No,Hyderabad,71627
2689,1,3,1,12,Semi-Furnished,Yes,Delhi,106599
745,4,4,2,2,Furnished,No,Ahmedabad,46871
1115,3,1,16,4,Semi-Furnished,Yes,Chennai,52407
432,3,4,4,12,Semi-Furnished,Yes,Bangalore,53424
2362,3,1,10,12,Semi-Furnished,No,Pune,80879
575,4,1,7,11,Semi-Furnished,Yes,Pune,41879
793,2,1,19,15,Semi-Furnished,Yes,Mumbai,57094
1895,4,3,9,1,Unfurnished,No,Pune,85575
1388,2,3,6,10,Furnished,No,Chennai,57677
523,4,4,18,14,Semi-Furnished,No,Bangalore,63409
1262,1,4,9,12,Furnished,No,Hyderabad,55642
2729,1,3,5,13,Furnished,No,Ahmedabad,66595
1100,5,2,14,3,Furnished,No,Ahmedabad,58472
2109,3,2,6,0,Furnished,Yes,Bangalore,106164
1099,4,4,18,7,Unfurnished,Yes,Chennai,64989
455,1,1,12,4,Semi-Furnished,No,Hyderabad,23969
2022,1,4,3,11,Unfurnished,No,Delhi,88246
512,3,4,16,11,Unfurnished,No,Hyderabad,47571
863,1,1,11,12,Unfurnished,No,Pune,29391
2548,2,3,11,7,Unfurnished,No,Delhi,108618
2699,3,3,8,13,Semi-Furnished,Yes,Delhi,122898
2871,5,4,20,12,Unfurnished,No,Bangalore,138607
768,5,2,13,9,Furnished,No,Delhi,72787
1980,4,4,12,13,Semi-Furnished,No,Mumbai,135732
2126,3,1,20,13,Unfurnished,Yes,Ahmedabad,58231
1386,3,2,5,0,Unfurnished,Yes,Chennai,58734
1415,1,2,14,6,Unfurnished,Yes,Delhi,66373
2468,4,2,2,2,Furnished,No,Delhi,123242
2352,1,3,11,9,Furnished,No,Ahmedabad,65541
972,4,2,14,8,Semi-Furnished,No,Chennai,50607
1633,5,1,18,5,Unfurnished,No,Hyderabad,82285
1799,3,2,5,9,Unfurnished,No,Ahmedabad,50830
828,1,3,4,8,Semi-Furnished,No,Bangalore,43099
479,4,4,10,1,Furnished,No,Bangalore,67556
2965,3,1,15,3,Unfurnished,No,Pune,99010
2015,3,3,2,1,Semi-Furnished,Yes,Ahmedabad,64729
1385,4,2,11,9,Semi-Furnished,Yes,Delhi,84276
746,2,1,20,11,Unfurnished,No,Delhi,42609
2777,1,3,8,8,Semi-Furnished,Yes,Ahmedabad,71606
2209,1,3,8,14,Semi-Furnished,Yes,Pune,72234
2851,4,3,5,12,Semi-Furnished,Yes,Hyderabad,112685
2838,3,3,18,0,Semi-Furnished,No,Delhi,138447
2410,3,2,6,9,Unfurnished,Yes,Chennai,81178
2019,1,2,3,7,Furnished,Yes,Ahmedabad,53820
2210,2,3,2,1,Furnished,No,Bangalore,101541
1438,3,3,13,12,Semi-Furnished,No,Pune,65936
989,3,4,7,14,Semi-Furnished,No,Bangalore,63651
1934,3,4,5,6,Semi-Furnished,No,Mumbai,126838
1058,4,4,8,15,Unfurnished,No,Pune,58426
758,3,1,19,12,Unfurnished,Yes,Delhi,52812
2538,1,3,14,10,Furnished,Yes,Bangalore,103733
1557,3,1,14,14,Semi-Furnished,Yes,Ahmedabad,50888
2993,1,2,2,12,Semi-Furnished,Yes,Chennai,81239
537,2,2,19,2,Semi-Furnished,Yes,Chennai,40126
1325,1,1,4,13,Semi-Furnished,Yes,Chennai,39971
2089,3,3,19,14,Unfurnished,Yes,Bangalore,97529
540,5,3,11,3,Semi-Furnished,No,Bangalore,65749
438,4,2,13,8,Semi-Furnished,No,Hyderabad,46605
1237,1,3,18,5,Unfurnished,No,Delhi,62640
2040,5,3,15,15,Unfurnished,No,Chennai,79016
2314,4,4,16,13,Furnished,Yes,Mumbai,153442
986,5,1,17,2,Furnished,No,Delhi,81032
664,3,3,6,2,Furnished,No,Delhi,61897
2187,3,3,10,7,Semi-Furnished,No,Ahmedabad,67496
2159,1,3,4,9,Furnished,Yes,Ahmedabad,61902
2666,1,2,10,5,Unfurnished,No,Ahmedabad,65876
1343,4,2,14,12,Semi-Furnished,No,Delhi,81231
2292,5,2,6,15,Furnished,Yes,Chennai,90421
1884,5,2,11,11,Semi-Furnished,Yes,Pune,85126
989,1,1,20,3,Semi-Furnished,Yes,Mumbai,63087
514,4,2,13,11,Unfurnished,Yes,Pune,45291
1940,5,1,19,13,Semi-Furnished,Yes,Ahmedabad,68814
2380,5,3,9,15,Semi-Furnished,Yes,Chennai,91601
2921,1,4,12,3,Semi-Furnished,No,Ahmedabad,77499
2844,2,3,8,6,Semi-Furnished,No,Pune,93324
2690,1,4,12,1,Furnished,No,Delhi,120092
2115,5,3,11,14,Furnished,Yes,Mumbai,148560
1521,5,3,5,6,Semi-Furnished,Yes,Hyderabad,84985
1191,2,4,1,12,Semi-Furnished,Yes,Chennai,54225
2685,5,4,20,4,Furnished,No,Bangalore,140980
2405,1,2,13,9,Furnished,No,Ahmedabad,65283
2449,5,1,3,10,Furnished,Yes,Bangalore,115220
2043,5,1,2,12,Unfurnished,Yes,Pune,83145
989,4,3,5,5,Unfurnished,Yes,Bangalore,73513
1447,4,1,1,11,Unfurnished,Yes,Chennai,57736
1735,5,2,4,2,Unfurnished,No,Delhi,102391
2961,3,3,14,7,Furnished,No,Pune,109004
1043,4,4,3,15,Semi-Furnished,Yes,Delhi,78910
2600,3,4,2,14,Semi-Furnished,Yes,Delhi,124076
2115,4,2,18,14,Semi-Furnished,Yes,Delhi,108886
1502,1,4,19,6,Furnished,Yes,Mumbai,105573
597,2,3,1,4,Semi-Furnished,Yes,Bangalore,46314
1083,5,1,17,9,Furnished,No,Ahmedabad,55656
2883,2,3,18,1,Unfurnished,No,Delhi,127929
2093,4,3,4,2,Unfurnished,Yes,Mumbai,136798
1248,1,1,12,11,Semi-Furnished,No,Bangalore,51744
2426,3,1,9,14,Semi-Furnished,Yes,Bangalore,99308
1550,1,3,16,11,Furnished,Yes,Ahmedabad,51273
1914,5,1,8,7,Furnished,Yes,Chennai,83649
2394,1,4,18,1,Unfurnished,Yes,Pune,85390
887,2,1,4,3,Semi-Furnished,No,Hyderabad,40187
2564,3,2,14,14,Furnished,No,Delhi,115000
950,4,3,7,5,Unfurnished,No,Chennai,52333
804,1,1,7,12,Unfurnished,Yes,Bangalore,31106
1082,5,2,8,2,Furnished,Yes,Bangalore,84320
2443,3,2,8,12,Furnished,No,Chennai,82148
2890,2,4,11,6,Furnished,No,Mumbai,158515
2063,3,4,16,1,Furnished,Yes,Hyderabad,103879
2147,4,1,1,7,Furnished,Yes,Bangalore,102966
1211,4,2,10,14,Semi-Furnished,No,Chennai,52788
2871,2,1,5,10,Semi-Furnished,Yes,Delhi,114326
2002,3,1,12,15,Semi-Furnished,No,Bangalore,82469
1898,5,3,18,10,Unfurnished,No,Bangalore,104041
488,4,3,3,6,Unfurnished,Yes,Bangalore,57100
1296,3,4,7,3,Semi-Furnished,No,Bangalore,82992
1783,2,2,12,10,Semi-Furnished,No,Chennai,63237
2691,4,4,1,14,Furnished,Yes,Ahmedabad,87878
1219,5,3,13,1,Semi-Furnished,Yes,Mumbai,121699
2321,1,1,3,6,Furnished,No,Hyderabad,73832
2120,3,2,7,13,Unfurnished,Yes,Ahmedabad,57599
1215,5,1,11,7,Furnished,Yes,Mumbai,102877
2426,1,1,7,9,Furnished,No,Mumbai,110728
1248,4,4,4,7,Unfurnished,No,Mumbai,100832
1011,2,2,3,10,Unfurnished,No,Pune,40410
2704,4,1,20,8,Semi-Furnished,No,Bangalore,122390
2075,2,4,2,6,Semi-Furnished,No,Pune,76136
1666,1,2,8,3,Semi-Furnished,No,Chennai,52959
2403,3,3,19,14,Furnished,No,Delhi,120165
1034,2,4,3,8,Semi-Furnished,Yes,Bangalore,63637
2086,3,1,8,9,Furnished,No,Ahmedabad,62369
1532,4,1,14,2,Unfurnished,Yes,Bangalore,86193
2573,3,1,2,3,Semi-Furnished,No,Delhi,113910
1680,2,4,2,10,Semi-Furnished,No,Delhi,87067
846,4,4,9,11,Unfurnished,Yes,Pune,60293
1062,5,1,3,9,Semi-Furnished,Yes,Mumbai,93278
2805,2,3,19,9,Furnished,No,Delhi,127884
2674,2,4,11,13,Furnished,No,Chennai,92021
1187,5,2,2,8,Furnished,Yes,Pune,67522
2592,1,4,15,4,Unfurnished,No,Chennai,80297
1306,4,3,8,2,Furnished,Yes,Mumbai,112726
1619,4,2,5,8,Furnished,No,Ahmedabad,59958
1893,5,4,9,3,Furnished,Yes,Pune,96017
2024,3,2,5,13,Unfurnished,Yes,Bangalore,88480
557,5,4,13,5,Unfurnished,Yes,Pune,56742
2748,4,4,7,11,Unfurnished,No,Pune,102815
1874,3,4,12,10,Unfurnished,No,Chennai,70133
2300,3,4,1,1,Furnished,No,Bangalore,111914
1202,3,4,1,9,Unfurnished,No,Chennai,52775
2993,2,3,5,6,Furnished,No,Ahmedabad,81063
2548,1,4,2,5,Semi-Furnished,No,Chennai,81398
1643,4,4,19,2,Furnished,No,Ahmedabad,72876
407,3,1,10,4,Furnished,No,Ahmedabad,30911
649,5,4,13,14,Unfurnished,Yes,Chennai,55255
534,4,3,13,6,Semi-Furnished,No,Chennai,48458
1177,3,2,18,14,Furnished,Yes,Mumbai,89702
1112,4,4,20,4,Unfurnished,Yes,Chennai,67376
2851,4,3,9,3,Semi-Furnished,Yes,Ahmedabad,91232
2980,5,3,4,15,Furnished,Yes,Delhi,146305
2695,1,4,6,1,Furnished,Yes,Pune,99327
968,2,3,11,0,Unfurnished,No,Delhi,64672
1940,1,2,19,9,Furnished,No,Hyderabad,72696
2422,1,4,15,1,Semi-Furnished,No,Pune,86982
1385,5,3,20,0,Semi-Furnished,Yes,Ahmedabad,67017
2156,5,4,16,12,Unfurnished,Yes,Hyderabad,105722
1673,1,1,14,0,Semi-Furnished,Yes,Ahmedabad,46414
1299,5,4,6,3,Furnished,Yes,Chennai,75261
2876,4,1,5,15,Furnished,No,Pune,100398
1651,5,1,13,2,Unfurnished,Yes,Mumbai,124256
1593,4,3,13,12,Semi-Furnished,Yes,Chennai,73238
2899,5,1,11,13,Furnished,Yes,Ahmedabad,90710
2230,5,1,19,5,Furnished,No,Mumbai,147886
488,2,2,11,8,Semi-Furnished,No,Mumbai,48291
1603,4,3,2,0,Semi-Furnished,No,Mumbai,116607
2028,2,2,20,12,Semi-Furnished,Yes,Ahmedabad,57358
2803,5,4,2,11,Semi-Furnished,No,Chennai,104156
1929,2,1,10,5,Semi-Furnished,Yes,Ahmedabad,55774
1470,1,4,8,12,Semi-Furnished,No,Hyderabad,61376
1377,3,2,8,3,Semi-Furnished,Yes,Delhi,83907
2018,2,3,15,10,Furnished,No,Bangalore,94776
1715,5,1,12,4,Semi-Furnished,No,Bangalore,96885
1590,2,1,9,7,Semi-Furnished,No,Delhi,70720
895,5,2,10,11,Semi-Furnished,No,Chennai,54662
2445,5,3,17,12,Furnished,No,Ahmedabad,82542
986,2,1,5,0,Unfurnished,No,Delhi,52129
1574,5,2,7,1,Semi-Furnished,No,Hyderabad,86537
877,1,2,13,4,Furnished,Yes,Bangalore,54827
2626,2,2,8,0,Furnished,No,Chennai,83661
2790,2,4,6,4,Furnished,Yes,Chennai,94392
756,3,3,4,13,Unfurnished,Yes,Pune,41605
1749,1,3,16,5,Semi-Furnished,No,Hyderabad,67047
2059,4,4,20,2,Unfurnished,Yes,Ahmedabad,74132
3000,2,3,2,6,Semi-Furnished,Yes,Pune,102158
1947,1,2,19,9,Unfurnished,No,Delhi,79789
2561,4,3,19,0,Unfurnished,Yes,Mumbai,166455
1424,2,2,5,1,Unfurnished,Yes,Ahmedabad,46871
1118,4,1,1,9,Furnished,Yes,Chennai,53498
1950,4,1,10,2,Unfurnished,Yes,Chennai,72977
890,3,2,19,6,Semi-Furnished,Yes,Ahmedabad,46225
2451,4,3,10,14,Furnished,No,Mumbai,147325
1297,3,1,10,15,Furnished,Yes,Mumbai,85655
2106,2,1,19,2,Unfurnished,Yes,Mumbai,115975
2148,1,4,7,5,Semi-Furnished,No,Hyderabad,81236
1435,2,2,18,7,Unfurnished,Yes,Mumbai,90815
933,2,2,9,5,Furnished,No,Bangalore,60063
1178,5,1,18,11,Semi-Furnished,Yes,Chennai,63744
2824,3,4,18,2,Semi-Furnished,Yes,Delhi,138633
2164,2,2,7,8,Semi-Furnished,No,Ahmedabad,58959
991,3,3,2,5,Semi-Furnished,Yes,Pune,52906
2002,5,3,2,14,Semi-Furnished,Yes,Delhi,114812
2370,1,1,19,2,Furnished,No,Chennai,73811
1656,2,4,20,9,Unfurnished,Yes,Pune,72068
443,3,2,9,1,Furnished,No,Mumbai,61513
1590,4,3,17,2,Unfurnished,No,Chennai,68923
1969,2,3,5,10,Semi-Furnished,No,Ahmedabad,55399
1771,5,3,5,2,Unfurnished,No,Bangalore,99275
2088,4,1,14,5,Semi-Furnished,No,Delhi,107529
2661,5,4,11,3,Unfurnished,Yes,Hyderabad,122949
2114,1,3,4,7,Furnished,No,Pune,75753
484,3,1,16,3,Unfurnished,Yes,Delhi,49219
1445,5,2,3,1,Semi-Furnished,Yes,Delhi,99053
1409,4,2,8,4,Semi-Furnished,Yes,Ahmedabad,55915
1881,2,4,4,9,Unfurnished,No,Delhi,90577
656,5,3,15,7,Furnished,No,Pune,64031
1354,4,3,8,7,Semi-Furnished,No,Hyderabad,74938
1705,3,2,18,8,Furnished,Yes,Chennai,68658
868,4,2,18,13,Unfurnished,Yes,Pune,51412
685,3,1,15,4,Unfurnished,No,Bangalore,49114
983,2,3,19,6,Furnished,Yes,Bangalore,65934
1315,5,3,19,13,Furnished,No,Pune,79723
2671,3,3,20,3,Furnished,No,Ahmedabad,83631
495,2,3,13,11,Semi-Furnished,No,Pune,33591
1324,3,2,15,13,Unfurnished,Yes,Mumbai,87280
2856,3,3,10,6,Semi-Furnished,Yes,Pune,106739
920,3,3,3,3,Semi-Furnished,Yes,Hyderabad,60778
604,5,4,13,7,Unfurnished,Yes,Chennai,57253
1638,2,1,11,10,Semi-Furnished,Yes,Chennai,57964
1290,2,1,18,3,Furnished,Yes,Pune,56006
411,4,2,1,11,Unfurnished,No,Hyderabad,36042
2189,1,3,18,0,Semi-Furnished,No,Chennai,72144
1552,5,3,8,14,Furnished,No,Mumbai,122402
1075,4,1,15,10,Semi-Furnished,Yes,Hyderabad,62081
2016,2,3,4,12,Semi-Furnished,Yes,Pune,75426
2024,3,1,5,6,Furnished,No,Hyderabad,81677
819,4,4,10,3,Unfurnished,No,Mumbai,93130
660,5,1,1,11,Semi-Furnished,Yes,Delhi,59246
1387,4,1,4,10,Furnished,No,Delhi,82678
2523,4,3,10,8,Unfurnished,No,Delhi,123982
2420,3,3,3,1,Semi-Furnished,No,Delhi,115367
894,5,2,19,3,Unfurnished,No,Delhi,80325
1683,2,3,4,14,Semi-Furnished,No,Delhi,77485
1387,3,3,18,9,Furnished,Yes,Delhi,88830
1441,5,4,18,11,Furnished,Yes,Ahmedabad,67080
2061,2,3,7,2,Furnished,No,Hyderabad,84669
1053,5,2,18,5,Unfurnished,No,Chennai,62858
947,3,3,14,7,Semi-Furnished,No,Delhi,72043
576,1,1,6,13,Unfurnished,No,Delhi,27983
1647,4,4,11,9,Unfurnished,Yes,Hyderabad,86892
767,1,4,8,12,Furnished,No,Mumbai,63573
2448,5,3,4,0,Unfurnished,Yes,Pune,105710
1405,5,4,13,11,Semi-Furnished,No,Hyderabad,85406
1572,4,4,19,13,Furnished,Yes,Chennai,79301
2100,1,4,17,8,Unfurnished,No,Delhi,96424
2121,5,2,7,1,Unfurnished,No,Ahmedabad,72639
490,4,3,2,7,Unfurnished,Yes,Mumbai,67690
2434,4,2,19,12,Unfurnished,Yes,Ahmedabad,76429
2001,1,1,16,12,Furnished,No,Ahmedabad,53979
1486,3,2,5,9,Semi-Furnished,Yes,Hyderabad,67550
952,3,2,19,10,Semi-Furnished,No,Chennai,48565
776,2,3,15,0,Furnished,Yes,Bangalore,60586
2866,4,2,10,5,Unfurnished,No,Hyderabad,106970
2403,3,2,16,2,Semi-Furnished,No,Chennai,83300
1897,1,2,17,1,Unfurnished,No,Mumbai,102369
1962,2,2,7,11,Unfurnished,No,Delhi,85859
1330,1,2,17,10,Furnished,No,Hyderabad,58143
1485,4,4,1,2,Semi-Furnished,No,Mumbai,119335
2292,3,1,8,2,Semi-Furnished,No,Bangalore,101149
1332,4,4,20,2,Semi-Furnished,Yes,Delhi,102504
2018,5,3,11,14,Unfurnished,No,Ahmedabad,70231
2870,2,3,2,1,Unfurnished,Yes,Ahmedabad,75147
1833,5,3,2,10,Furnished,No,Hyderabad,91058
2972,4,4,12,14,Furnished,No,Pune,115101
1189,5,3,16,14,Furnished,No,Ahmedabad,61394
1024,4,3,13,3,Semi-Furnished,Yes,Delhi,85461
2560,5,2,11,4,Furnished,Yes,Pune,109111
1080,1,1,2,12,Unfurnished,No,Pune,34442
819,3,1,20,0,Furnished,No,Pune,53377
1627,2,1,4,0,Furnished,No,Hyderabad,67328
650,2,1,15,2,Unfurnished,Yes,Bangalore,44209
927,2,3,17,1,Semi-Furnished,Yes,Ahmedabad,46724
2599,1,4,1,3,Furnished,Yes,Pune,89710
2489,3,3,18,6,Unfurnished,Yes,Bangalore,113955
899,4,1,14,3,Unfurnished,No,Bangalore,59278
808,5,3,12,3,Unfurnished,No,Chennai,56397
1438,2,2,8,3,Semi-Furnished,No,Mumbai,90269
768,1,4,16,3,Unfurnished,No,Ahmedabad,32890
979,1,1,18,7,Semi-Furnished,Yes,Mumbai,60826
1740,5,4,5,11,Unfurnished,No,Mumbai,132082
2893,4,1,14,13,Furnished,No,Hyderabad,109299
861,4,1,8,11,Unfurnished,Yes,Pune,49921
2522,5,4,8,10,Unfurnished,No,Bangalore,124627
1920,1,2,8,14,Furnished,No,Chennai,56387
2582,5,3,10,7,Furnished,No,Hyderabad,117562
1574,5,1,1,8,Semi-Furnished,Yes,Delhi,91322
2498,2,1,1,9,Furnished,Yes,Bangalore,99852
2411,4,4,14,5,Semi-Furnished,Yes,Chennai,98418
1034,3,4,9,15,Unfurnished,No,Delhi,66907
1836,5,2,14,9,Semi-Furnished,Yes,Mumbai,135662
745,2,3,2,11,Semi-Furnished,No,Pune,36809
2587,5,1,14,11,Semi-Furnished,No,Pune,99344
578,5,2,17,15,Semi-Furnished,Yes,Pune,52944
2455,1,4,10,15,Unfurnished,No,Delhi,99510
653,2,1,9,11,Furnished,Yes,Pune,34821
1546,5,2,4,11,Unfurnished,No,Bangalore,84365
979,5,1,7,4,Semi-Furnished,Yes,Ahmedabad,50869
1170,5,2,4,11,Furnished,No,Mumbai,101474
2315,4,2,6,8,Unfurnished,Yes,Chennai,84691
1219,3,1,10,7,Furnished,No,Hyderabad,58442
753,3,3,2,0,Unfurnished,Yes,Chennai,43915
2528,2,1,18,3,Semi-Furnished,No,Delhi,109625
497,2,1,9,5,Furnished,No,Delhi,44140
1157,3,3,7,3,Unfurnished,Yes,Mumbai,89899
1328,2,3,6,3,Furnished,Yes,Hyderabad,64606
1628,2,1,18,13,Furnished,Yes,Hyderabad,65437
1681,3,2,13,7,Unfurnished,No,Pune,69631
2721,3,3,7,15,Semi-Furnished,Yes,Hyderabad,104448
816,4,2,3,1,Furnished,No,Chennai,54023
2344,2,1,9,8,Furnished,No,Mumbai,123592
1830,5,4,13,13,Unfurnished,Yes,Chennai,83016
1626,5,2,10,14,Furnished,No,Bangalore,92458
1041,2,4,8,9,Unfurnished,Yes,Chennai,50396
443,4,2,2,4,Semi-Furnished,No,Hyderabad,44123
2559,4,4,14,5,Unfurnished,Yes,Chennai,98551
2301,5,2,1,11,Semi-Furnished,Yes,Chennai,84740
525,5,1,4,15,Semi-Furnished,Yes,Ahmedabad,34238
971,3,3,7,0,Unfurnished,No,Chennai,50892
1575,2,4,8,7,Furnished,No,Chennai,66760
1870,3,2,14,1,Furnished,Yes,Pune,83974
1442,1,4,3,2,Semi-Furnished,Yes,Chennai,57517
1436,1,2,15,0,Furnished,No,Hyderabad,64857
2193,2,2,4,2,Furnished,Yes,Chennai,77674
886,3,4,5,1,Semi-Furnished,No,Mumbai,89589
2645,2,1,10,0,Semi-Furnished,No,Mumbai,135950
448,4,1,13,14,Unfurnished,No,Pune,34361
2297,5,2,13,10,Semi-Furnished,Yes,Mumbai,148905
936,2,1,9,10,Furnished,Yes,Hyderabad,49379
2625,1,3,7,4,Semi-Furnished,Yes,Ahmedabad,72312
1539,5,1,15,3,Furnished,No,Pune,81978
1132,2,1,14,12,Semi-Furnished,No,Pune,45187
704,3,2,16,9,Semi-Furnished,No,Hyderabad,47876
635,2,2,9,12,Semi-Furnished,No,Ahmedabad,24994
2600,3,1,10,14,Unfurnished,No,Pune,79948
2006,4,4,8,4,Furnished,Yes,Chennai,89203
760,4,1,15,5,Furnished,Yes,Delhi,71239
1240,4,2,19,1,Unfurnished,No,Chennai,63742
1380,5,3,9,14,Furnished,No,Chennai,69201
789,3,2,16,13,Furnished,No,Bangalore,58320
1205,5,4,6,14,Furnished,Yes,Mumbai,117892
1490,5,2,1,15,Semi-Furnished,No,Bangalore,83968
1246,1,4,4,14,Semi-Furnished,No,Bangalore,62053
929,3,2,4,12,Furnished,No,Ahmedabad,38756
626,5,2,5,12,Unfurnished,Yes,Delhi,64271
1462,5,2,3,9,Unfurnished,Yes,Pune,69261
2451,3,3,14,7,Furnished,Yes,Bangalore,120210
2461,1,1,7,13,Unfurnished,Yes,Hyderabad,76140
2135,4,3,4,6,Furnished,No,Hyderabad,95195
2958,3,2,12,11,Unfurnished,No,Chennai,87186
2463,5,2,4,14,Furnished,No,Pune,96853
2181,4,1,6,11,Semi-Furnished,No,Delhi,105869
2478,2,3,5,6,Unfurnished,No,Hyderabad,91804
604,1,2,9,9,Furnished,No,Hyderabad,32386
1131,3,1,10,14,Unfurnished,No,Hyderabad,49274
2968,1,1,14,11,Semi-Furnished,No,Bangalore,103012
2159,3,1,3,4,Furnished,Yes,Chennai,74011
1410,1,1,14,9,Furnished,Yes,Ahmedabad,44357
2582,2,3,5,5,Unfurnished,No,Mumbai,134499
2896,1,2,13,6,Unfurnished,No,Pune,86925
2877,1,1,5,12,Semi-Furnished,Yes,Pune,82194
2210,1,1,12,15,Semi-Furnished,Yes,Chennai,63236
2475,5,4,13,0,Furnished,Yes,Hyderabad,125226
1434,4,3,11,1,Semi-Furnished,No,Ahmedabad,61074
1428,1,1,14,13,Semi-Furnished,Yes,Ahmedabad,39264
2882,1,4,1,2,Semi-Furnished,Yes,Ahmedabad,77281
528,5,4,16,5,Furnished,Yes,Chennai,62223
2533,5,3,15,11,Semi-Furnished,No,Chennai,96348
1259,2,2,2,7,Unfurnished,Yes,Bangalore,57455
2534,5,3,1,4,Unfurnished,No,Hyderabad,107753
2871,1,2,1,5,Unfurnished,No,Hyderabad,88636
1926,1,1,20,2,Unfurnished,Yes,Ahmedabad,53569
1773,5,1,4,5,Unfurnished,Yes,Hyderabad,80138
1533,3,3,19,12,Furnished,Yes,Bangalore,88630
1384,1,3,10,13,Semi-Furnished,No,Hyderabad,54707
2726,4,4,17,6,Semi-Furnished,Yes,Bangalore,136606
2555,3,3,12,5,Furnished,Yes,Mumbai,155288
1094,5,3,17,13,Semi-Furnished,Yes,Delhi,88072
572,3,3,16,6,Furnished,No,Ahmedabad,37400
905,3,1,16,4,Furnished,Yes,Pune,51753
551,2,2,20,5,Semi-Furnished,Yes,Hyderabad,41704
2665,3,3,15,11,Furnished,No,Chennai,93963
2303,2,3,13,8,Unfurnished,Yes,Bangalore,99706
1100,3,1,13,5,Unfurnished,Yes,Bangalore,59393
1336,5,1,4,10,Semi-Furnished,No,Ahmedabad,50355
1629,4,1,13,4,Unfurnished,No,Mumbai,105618
2109,2,2,5,2,Furnished,No,Chennai,70633
795,3,2,10,6,Furnished,No,Pune,47957
1010,2,1,10,13,Furnished,Yes,Hyderabad,48192
884,4,3,2,5,Semi-Furnished,Yes,Delhi,76490
1011,2,3,10,11,Furnished,Yes,Mumbai,82048
1417,2,2,8,6,Furnished,Yes,Chennai,56814
1891,3,3,18,13,Semi-Furnished,Yes,Hyderabad,87497
2736,2,1,18,3,Furnished,No,Ahmedabad,72952
511,4,1,7,6,Unfurnished,No,Delhi,51232
636,1,2,13,4,Furnished,Yes,Ahmedabad,30949
463,1,1,16,7,Furnished,Yes,Delhi,38207
423,5,2,12,8,Semi-Furnished,Yes,Bangalore,60546
534,1,1,18,1,Furnished,Yes,Bangalore,39227
883,4,1,9,4,Unfurnished,No,Ahmedabad,40747
2227,1,1,13,9,Furnished,No,Bangalore,85891
1335,4,1,10,10,Semi-Furnished,No,Ahmedabad,47467
1723,3,3,17,10,Unfurnished,Yes,Mumbai,113528
592,4,2,9,9,Semi-Furnished,Yes,Delhi,62059
2125,1,3,9,2,Unfurnished,Yes,Ahmedabad,60943
742,1,2,5,9,Semi-Furnished,Yes,Delhi,39437
2191,5,2,5,7,Unfurnished,Yes,Bangalore,107651
2902,2,1,3,5,Semi-Furnished,No,Ahmedabad,68592
462,3,3,15,11,Unfurnished,No,Delhi,51667
932,5,4,16,0,Unfurnished,Yes,Mumbai,111919
573,4,3,11,2,Unfurnished,Yes,Chennai,46394
1519,2,3,20,6,Semi-Furnished,No,Hyderabad,70497
2585,5,4,4,3,Semi-Furnished,Yes,Hyderabad,117791
519,4,3,1,7,Unfurnished,Yes,Delhi,57375
1388,5,1,3,10,Semi-Furnished,Yes,Ahmedabad,54776
2555,4,4,12,1,Semi-Furnished,Yes,Pune,110149
2382,3,2,10,0,Semi-Furnished,Yes,Pune,94135
2054,2,2,18,7,Unfurnished,No,Hyderabad,78155
2464,1,1,19,9,Furnished,Yes,Ahmedabad,64258
1103,5,3,8,4,Semi-Furnished,Yes,Hyderabad,74801
477,1,4,1,15,Semi-Furnished,Yes,Chennai,25905
1174,1,4,8,0,Furnished,No,Hyderabad,58521
1730,4,2,14,8,Semi-Furnished,Yes,Delhi,98252
935,3,2,16,8,Semi-Furnished,No,Chennai,45850
2375,3,3,17,3,Semi-Furnished,No,Delhi,118979
812,5,2,11,3,Unfurnished,No,Mumbai,87354
2843,3,2,9,1,Unfurnished,No,Mumbai,150804
955,5,1,11,5,Semi-Furnished,No,Chennai,56218
1179,1,1,9,6,Semi-Furnished,No,Ahmedabad,34329
563,5,2,11,7,Furnished,Yes,Pune,55394
2084,2,2,7,11,Furnished,No,Chennai,66997
593,4,1,5,14,Semi-Furnished,No,Delhi,49398
1666,1,3,17,7,Semi-Furnished,No,Bangalore,77434
620,5,3,18,3,Unfurnished,No,Hyderabad,63733
1708,4,2,4,14,Unfurnished,No,Delhi,85690
1794,3,3,3,1,Furnished,Yes,Ahmedabad,67290
2680,4,3,18,2,Unfurnished,Yes,Bangalore,128442
2312,4,1,14,13,Unfurnished,No,Pune,80400
850,4,2,19,2,Semi-Furnished,Yes,Pune,62730
692,5,4,5,9,Unfurnished,No,Mumbai,92153
2702,2,4,8,12,Unfurnished,No,Ahmedabad,69183
2928,5,3,5,9,Unfurnished,Yes,Chennai,106074
1190,5,1,19,5,Furnished,Yes,Hyderabad,75299
1733,1,3,17,1,Semi-Furnished,No,Hyderabad,70564
2520,2,4,18,6,Furnished,No,Chennai,90349
1897,3,2,17,7,Semi-Furnished,Yes,Chennai,74163
2181,3,2,4,9,Unfurnished,No,Delhi,99850
2636,3,2,17,12,Semi-Furnished,Yes,Delhi,119169
2959,4,2,3,11,Unfurnished,No,Chennai,90627
2152,2,3,11,12,Semi-Furnished,Yes,Pune,78719
2040,2,1,1,8,Furnished,Yes,Hyderabad,77906
2172,1,2,18,1,Semi-Furnished,No,Ahmedabad,56743
2923,4,2,18,9,Semi-Furnished,Yes,Ahmedabad,88458
408,2,3,9,8,Unfurnished,Yes,Pune,33152
2007,1,3,4,4,Semi-Furnished,No,Hyderabad,75963
2163,4,3,3,4,Unfurnished,No,Hyderabad,92779
1775,1,4,16,6,Unfurnished,Yes,Mumbai,108910
1386,2,3,8,8,Unfurnished,Yes,Delhi,71927
1843,1,4,12,2,Semi-Furnished,No,Pune,70516
521,3,3,7,1,Semi-Furnished,Yes,Hyderabad,47566
1144,5,4,8,0,Furnished,Yes,Delhi,103709
2149,3,4,16,11,Unfurnished,No,Hyderabad,88694
2659,1,3,1,6,Unfurnished,Yes,Mumbai,128764
1053,5,2,5,5,Semi-Furnished,Yes,Pune,63587
2935,5,2,1,5,Furnished,Yes,Chennai,110143
2510,4,4,5,13,Semi-Furnished,Yes,Bangalore,119566
1080,4,1,11,6,Furnished,No,Delhi,74356
1027,1,4,11,5,Unfurnished,Yes,Ahmedabad,39681
1875,2,3,10,0,Furnished,Yes,Hyderabad,83651
2156,2,1,15,1,Unfurnished,No,Ahmedabad,58683
438,2,4,20,4,Semi-Furnished,No,Delhi,55122
968,5,4,13,1,Unfurnished,Yes,Ahmedabad,57365
2353,1,1,16,0,Furnished,Yes,Mumbai,123245
1247,3,2,18,3,Semi-Furnished,No,Chennai,59278
817,4,3,19,7,Furnished,No,Ahmedabad,51533
987,5,2,16,15,Unfurnished,No,Mumbai,90101
2383,1,4,8,1,Furnished,Yes,Delhi,114036
2499,4,4,1,14,Unfurnished,Yes,Pune,92812
1766,5,1,4,3,Furnished,No,Hyderabad,87047
2463,5,4,4,10,Unfurnished,No,Hyderabad,105511
2376,1,3,10,10,Furnished,No,Hyderabad,85001
2111,5,4,11,7,Unfurnished,Yes,Hyderabad,102514
1247,3,2,18,12,Unfurnished,Yes,Ahmedabad,43638
956,3,3,2,14,Unfurnished,No,Delhi,57456
2064,5,2,11,2,Unfurnished,No,Mumbai,141775
1622,2,3,14,1,Unfurnished,Yes,Delhi,86144
1496,1,2,11,0,Semi-Furnished,No,Pune,53463
2623,5,3,19,14,Semi-Furnished,No,Pune,109320
1116,1,3,17,11,Semi-Furnished,Yes,Pune,50076
2146,2,4,12,15,Furnished,No,Bangalore,100018
1769,1,3,2,4,Furnished,Yes,Pune,68740
2475,5,3,13,14,Unfurnished,No,Chennai,91495
1602,4,4,14,8,Semi-Furnished,Yes,Chennai,77735
1537,3,4,3,13,Unfurnished,No,Pune,62395
636,3,4,13,5,Furnished,No,Delhi,66600
1878,1,1,14,5,Furnished,Yes,Bangalore,79440
1904,5,3,15,6,Furnished,No,Pune,92352
2229,4,2,11,8,Furnished,No,Ahmedabad,72480
1951,2,1,2,13,Furnished,Yes,Delhi,82459
840,3,2,17,13,Semi-Furnished,Yes,Chennai,45349
1879,1,2,5,12,Furnished,Yes,Delhi,79756
623,5,2,14,4,Semi-Furnished,No,Bangalore,69801
1277,5,1,7,0,Semi-Furnished,No,Pune,67319
2044,5,4,12,1,Furnished,Yes,Bangalore,125386
1471,2,4,16,6,Unfurnished,No,Chennai,58249
512,5,1,2,6,Unfurnished,Yes,Ahmedabad,35066
1554,5,4,18,5,Unfurnished,No,Ahmedabad,65796
1771,4,2,16,13,Furnished,Yes,Hyderabad,88284
1467,2,3,2,7,Unfurnished,Yes,Ahmedabad,46928
428,1,2,8,6,Unfurnished,Yes,Bangalore,32028
2954,1,4,18,0,Furnished,No,Delhi,132157
2422,4,3,4,4,Furnished,No,Chennai,93784
887,3,4,17,4,Furnished,No,Bangalore,76303
804,1,3,12,11,Semi-Furnished,Yes,Chennai,36057
425,4,4,1,11,Semi-Furnished,Yes,Pune,49565
2391,1,3,3,6,Unfurnished,No,Bangalore,92960
569,3,4,3,1,Semi-Furnished,No,Ahmedabad,40416
1017,3,1,5,7,Semi-Furnished,Yes,Ahmedabad,41539
1480,5,2,19,15,Furnished,No,Bangalore,90684
2169,2,3,2,0,Semi-Furnished,Yes,Mumbai,126156
2009,1,4,5,4,Furnished,No,Delhi,98815
507,3,2,10,5,Semi-Furnished,Yes,Hyderabad,45218
1008,1,2,17,9,Furnished,No,Delhi,57926
1438,4,4,11,1,Semi-Furnished,No,Delhi,100208
2393,2,1,1,10,Furnished,No,Pune,77371
1468,5,2,18,15,Unfurnished,No,Chennai,63636
1197,3,2,2,1,Semi-Furnished,No,Bangalore,70954
2550,5,2,14,9,Furnished,Yes,Bangalore,127816
2787,4,4,3,15,Semi-Furnished,Yes,Ahmedabad,86654
2921,5,1,19,10,Semi-Furnished,No,Delhi,141148
2282,2,3,13,2,Unfurnished,Yes,Hyderabad,87076
1312,4,2,9,7,Semi-Furnished,Yes,Mumbai,99748
1628,4,3,14,9,Furnished,No,Hyderabad,85943
1793,2,2,19,8,Furnished,Yes,Bangalore,89021
908,1,2,19,4,Semi-Furnished,No,Hyderabad,43937
1619,4,3,7,3,Unfurnished,Yes,Ahmedabad,60443
1854,1,1,7,14,Furnished,Yes,Chennai,58981
603,4,4,1,0,Unfurnished,Yes,Hyderabad,59296
2546,1,4,8,8,Semi-Furnished,Yes,Mumbai,136128
2755,5,2,19,8,Furnished,Yes,Pune,113933
1485,3,4,13,12,Unfurnished,Yes,Bangalore,85126
2138,5,4,13,9,Furnished,No,Hyderabad,107712
2476,5,4,17,9,Semi-Furnished,No,Delhi,140933
1088,2,3,10,6,Semi-Furnished,No,Mumbai,83301
2745,2,1,5,2,Unfurnished,Yes,Hyderabad,91263
962,5,4,8,4,Semi-Furnished,Yes,Pune,72109
815,5,4,3,8,Furnished,No,Pune,63371
864,4,4,1,4,Semi-Furnished,Yes,Pune,63237
2250,4,2,16,11,Furnished,Yes,Hyderabad,102026
1331,1,2,12,9,Semi-Furnished,Yes,Ahmedabad,39766
608,3,4,8,5,Semi-Furnished,Yes,Bangalore,64163
1942,1,3,1,13,Semi-Furnished,Yes,Bangalore,79189
2222,3,2,9,0,Semi-Furnished,Yes,Mumbai,136169
1894,3,4,12,0,Unfurnished,Yes,Delhi,106563
1827,3,1,11,8,Unfurnished,No,Mumbai,105246
1834,5,2,18,4,Unfurnished,Yes,Hyderabad,95228
651,2,3,16,9,Unfurnished,Yes,Bangalore,51487
2660,3,2,17,3,Unfurnished,Yes,Chennai,90845
1992,2,3,17,15,Unfurnished,Yes,Mumbai,111163
2032,3,1,10,6,Unfurnished,Yes,Bangalore,87072
696,4,1,6,8,Furnished,No,Delhi,60695
1180,5,3,19,3,Unfurnished,Yes,Hyderabad,81145
2976,4,1,19,15,Unfurnished,Yes,Ahmedabad,83341
1911,5,4,19,15,Unfurnished,Yes,Hyderabad,94646
2261,3,1,15,1,Furnished,Yes,Delhi,109556
802,2,2,17,5,Furnished,Yes,Ahmedabad,38616
2880,2,2,3,6,Unfurnished,Yes,Delhi,115640
2608,1,4,19,13,Furnished,Yes,Bangalore,112555
1347,3,2,16,2,Unfurnished,Yes,Chennai,58776
2300,5,4,12,9,Furnished,Yes,Delhi,137998
2748,2,1,9,12,Furnished,No,Delhi,111023
669,3,2,17,15,Semi-Furnished,No,Mumbai,64636
2069,3,4,11,11,Semi-Furnished,Yes,Bangalore,106048
2349,4,4,18,10,Furnished,No,Delhi,127176
1042,3,2,11,15,Furnished,Yes,Bangalore,67316
1843,1,2,13,12,Furnished,Yes,Hyderabad,68302
1627,2,4,13,14,Furnished,Yes,Ahmedabad,58808
1796,3,3,19,13,Unfurnished,Yes,Delhi,95890
807,2,2,18,4,Unfurnished,No,Hyderabad,46390
1129,2,1,5,5,Furnished,No,Chennai,43872
1989,2,4,1,6,Furnished,No,Delhi,101266
452,1,1,20,15,Semi-Furnished,No,Bangalore,28806
1545,3,4,19,8,Unfurnished,Yes,Hyderabad,76116
1577,5,2,10,9,Furnished,No,Bangalore,93612
1950,1,1,15,13,Unfurnished,No,Mumbai,91286
1188,4,3,20,14,Unfurnished,No,Bangalore,74812
2115,2,1,9,4,Unfurnished,Yes,Pune,70066
2176,3,2,1,5,Semi-Furnished,No,Ahmedabad,61014
741,2,4,12,2,Furnished,Yes,Mumbai,80632
2140,5,1,14,10,Semi-Furnished,No,Mumbai,136721
591,4,3,10,15,Furnished,Yes,Mumbai,75194
1718,5,2,1,4,Unfurnished,No,Hyderabad,80640
945,1,4,13,3,Unfurnished,Yes,Bangalore,57731
1244,2,3,14,4,Semi-Furnished,Yes,Mumbai,90051
1786,3,1,6,12,Semi-Furnished,Yes,Mumbai,105185
2543,3,2,4,8,Furnished,Yes,Mumbai,144652
2664,5,1,18,12,Furnished,Yes,Mumbai,164867
1687,3,3,20,8,Semi-Furnished,Yes,Chennai,71497
2452,3,4,3,9,Furnished,No,Delhi,124224
2321,1,2,9,10,Furnished,No,Ahmedabad,62997
1216,3,4,7,14,Semi-Furnished,Yes,Mumbai,97063
2272,1,1,11,11,Unfurnished,No,Ahmedabad,53170
1650,5,1,6,4,Furnished,Yes,Bangalore,96167
1240,2,2,4,3,Furnished,No,Chennai,53350
2256,2,3,7,5,Semi-Furnished,Yes,Chennai,79336
1562,2,2,6,8,Unfurnished,No,Mumbai,90085
2861,3,1,4,10,Unfurnished,Yes,Bangalore,108545
2917,2,1,16,14,Furnished,No,Ahmedabad,76064
2199,3,1,14,3,Semi-Furnished,No,Bangalore,95740
2949,3,3,5,14,Semi-Furnished,Yes,Bangalore,125586
1058,4,2,15,9,Furnished,Yes,Mumbai,96007
2302,4,2,13,8,Unfurnished,Yes,Ahmedabad,70000
1659,5,4,15,7,Semi-Furnished,Yes,Bangalore,106304
2460,3,3,6,8,Furnished,Yes,Ahmedabad,79480
2050,5,3,13,11,Semi-Furnished,Yes,Delhi,121191
1022,4,4,19,9,Furnished,Yes,Pune,72481
496,4,2,12,12,Unfurnished,No,Bangalore,50830
504,2,3,4,8,Semi-Furnished,Yes,Hyderabad,38697
2595,1,3,17,2,Unfurnished,No,Chennai,77163
600,1,3,17,9,Unfurnished,Yes,Pune,31490
1118,5,3,9,11,Unfurnished,No,Hyderabad,69915
696,2,4,19,13,Semi-Furnished,No,Hyderabad,50381
2593,3,2,16,9,Semi-Furnished,No,Chennai,88966
783,4,1,19,11,Semi-Furnished,Yes,Pune,54108
573,3,3,10,13,Unfurnished,No,Ahmedabad,27966
2148,3,1,5,5,Semi-Furnished,No,Bangalore,94405
1549,1,2,11,4,Furnished,Yes,Chennai,58634
2108,1,2,5,8,Unfurnished,Yes,Ahmedabad,50611
813,3,1,11,1,Semi-Furnished,No,Mumbai,70844
596,3,1,17,13,Unfurnished,No,Bangalore,44467
1216,4,4,19,12,Semi-Furnished,Yes,Chennai,70185
1639,3,2,15,4,Furnished,Yes,Ahmedabad,59650
2841,2,2,10,15,Furnished,Yes,Ahmedabad,78369
671,1,3,11,2,Unfurnished,Yes,Mumbai,58061
2409,2,1,17,11,Furnished,Yes,Mumbai,126094
2848,2,1,4,8,Furnished,No,Chennai,85995
2778,5,4,11,10,Unfurnished,Yes,Mumbai,175817
2053,4,1,14,9,Semi-Furnished,Yes,Chennai,76704
2853,3,2,2,2,Semi-Furnished,Yes,Hyderabad,107419
2564,2,3,3,3,Semi-Furnished,No,Delhi,111020
778,3,1,11,2,Unfurnished,No,Chennai,40067
2347,5,4,1,6,Unfurnished,No,Chennai,93423
1526,3,2,1,6,Furnished,No,Ahmedabad,52870
503,4,1,7,0,Furnished,No,Pune,44215
2950,1,1,15,2,Furnished,Yes,Hyderabad,99119
427,4,2,8,4,Semi-Furnished,No,Hyderabad,49341
2575,5,2,10,0,Furnished,Yes,Mumbai,168013
1356,3,2,14,15,Unfurnished,No,Mumbai,87859
1491,5,2,16,1,Furnished,Yes,Chennai,78011
2236,1,4,9,0,Unfurnished,No,Chennai,70465
1521,4,4,16,1,Furnished,No,Mumbai,132699
1949,4,4,6,7,Unfurnished,Yes,Mumbai,136482
2485,5,2,6,9,Furnished,Yes,Mumbai,156510
1746,2,1,1,13,Furnished,No,Ahmedabad,50627
1452,5,2,7,7,Unfurnished,Yes,Bangalore,89547
2469,3,3,14,9,Unfurnished,No,Bangalore,109467
1331,3,2,10,1,Unfurnished,Yes,Ahmedabad,48200
2795,3,1,10,11,Furnished,Yes,Delhi,120177
829,4,1,4,8,Unfurnished,No,Mumbai,71158
1977,4,3,9,10,Unfurnished,Yes,Pune,81566
1233,4,1,6,3,Furnished,No,Mumbai,96635
805,5,2,2,3,Semi-Furnished,No,Ahmedabad,46571
1719,1,2,13,7,Furnished,No,Hyderabad,64869
1134,3,2,5,6,Semi-Furnished,Yes,Hyderabad,58996
1258,2,2,19,15,Unfurnished,Yes,Hyderabad,55168
1362,2,3,20,0,Furnished,No,Bangalore,82779
1751,4,2,5,0,Unfurnished,Yes,Chennai,68710
1088,5,2,20,13,Furnished,Yes,Pune,70512
994,4,3,3,5,Furnished,Yes,Hyderabad,69372
1587,1,1,20,7,Furnished,No,Hyderabad,62882
2578,4,2,17,6,Unfurnished,Yes,Delhi,125260
1437,5,1,16,5,Unfurnished,Yes,Delhi,90531
1519,4,2,19,13,Semi-Furnished,No,Pune,69945
1100,3,2,13,13,Furnished,Yes,Ahmedabad,48924
1577,2,3,10,10,Unfurnished,No,Hyderabad,65142
1205,1,3,1,12,Furnished,No,Delhi,61526
2414,1,3,16,13,Furnished,No,Mumbai,128229
1900,1,2,1,13,Semi-Furnished,Yes,Ahmedabad,49983
899,2,4,11,4,Furnished,Yes,Chennai,55818
847,5,3,8,8,Semi-Furnished,No,Delhi,76169
2450,3,3,16,9,Furnished,Yes,Chennai,93793
2291,4,2,2,0,Unfurnished,No,Bangalore,104879
1359,5,4,6,1,Furnished,Yes,Bangalore,104381
2469,2,1,18,11,Unfurnished,No,Delhi,102102
565,3,4,18,14,Furnished,Yes,Chennai,47071
2375,1,3,5,7,Furnished,Yes,Delhi,102662
2016,1,1,14,7,Furnished,Yes,Pune,66972
845,2,2,16,6,Furnished,Yes,Delhi,63645
853,1,2,2,11,Furnished,No,Hyderabad,36719
1652,1,1,13,11,Furnished,No,Mumbai,82259
791,1,4,16,0,Semi-Furnished,No,Mumbai,72882
1872,2,2,7,10,Furnished,No,Mumbai,105575
998,4,3,20,9,Unfurnished,No,Hyderabad,66811
1350,3,2,16,5,Semi-Furnished,Yes,Ahmedabad,53974
1342,5,3,18,7,Unfurnished,No,Chennai,69495
2434,3,3,18,9,Furnished,Yes,Bangalore,116178
696,1,1,6,15,Unfurnished,No,Chennai,19273
1674,3,4,8,0,Furnished,Yes,Bangalore,98349
2418,1,1,3,4,Furnished,No,Delhi,96137
1088,2,1,20,8,Semi-Furnished,No,Ahmedabad,39068
1671,2,1,7,10,Semi-Furnished,No,Mumbai,88809
2083,4,4,3,12,Furnished,Yes,Mumbai,143558
1464,2,1,17,3,Unfurnished,Yes,Chennai,54306
1175,4,1,19,0,Semi-Furnished,Yes,Bangalore,81613
1988,2,4,20,0,Unfurnished,Yes,Hyderabad,91192
2034,3,1,11,10,Furnished,No,Chennai,73798
2326,3,1,9,13,Furnished,Yes,Chennai,77696
849,2,1,20,2,Furnished,No,Chennai,42650
706,5,3,12,14,Furnished,No,Pune,62769
2409,1,1,5,2,Semi-Furnished,No,Ahmedabad,60069
857,5,4,5,8,Unfurnished,Yes,Ahmedabad,52938
2234,5,3,16,8,Furnished,No,Chennai,92888
632,1,2,3,15,Furnished,Yes,Delhi,34736
2562,1,1,8,4,Furnished,No,Ahmedabad,64755
1609,5,3,11,7,Furnished,Yes,Chennai,78750
710,5,4,13,12,Semi-Furnished,No,Chennai,55884
1076,5,1,20,11,Furnished,No,Hyderabad,72401
2829,1,1,6,10,Unfurnished,Yes,Bangalore,95723
1812,1,1,3,7,Unfurnished,No,Delhi,64759
1038,4,1,2,5,Unfurnished,No,Hyderabad,54961
717,4,2,6,4,Furnished,No,Ahmedabad,41149
2428,3,1,12,1,Furnished,No,Mumbai,140038
2608,2,3,16,8,Furnished,Yes,Pune,96093
2353,4,1,17,12,Unfurnished,Yes,Hyderabad,95612
1336,4,2,4,14,Semi-Furnished,Yes,Delhi,82465
427,2,1,4,13,Furnished,No,Mumbai,41459
2989,2,4,14,11,Semi-Furnished,No,Hyderabad,108894
919,2,1,8,3,Furnished,No,Delhi,56446
2471,4,3,18,5,Semi-Furnished,Yes,Hyderabad,111884
476,5,3,12,3,Unfurnished,Yes,Bangalore,67143
2529,1,2,3,13,Furnished,Yes,Delhi,98872
2160,3,3,10,4,Unfurnished,Yes,Chennai,76532
2944,2,3,9,13,Semi-Furnished,Yes,Pune,98793
2834,4,3,18,15,Furnished,No,Bangalore,129109
1928,1,2,13,11,Furnished,No,Mumbai,103280
2315,4,1,8,13,Semi-Furnished,Yes,Mumbai,129780
2380,1,2,14,2,Unfurnished,No,Bangalore,91624
2582,2,1,13,4,Semi-Furnished,Yes,Delhi,107791
2921,4,4,12,9,Unfurnished,Yes,Bangalore,134130
2890,4,2,2,4,Furnished,Yes,Delhi,135362
2787,3,4,20,13,Semi-Furnished,No,Delhi,132254
705,5,2,10,0,Furnished,Yes,Chennai,61212
1432,5,1,4,5,Unfurnished,Yes,Chennai,61709
2857,1,2,2,1,Unfurnished,No,Delhi,108596
1367,4,3,11,9,Semi-Furnished,Yes,Bangalore,88165
1112,1,1,13,7,Semi-Furnished,No,Pune,38357
2319,2,2,3,3,Semi-Furnished,No,Chennai,70905
822,2,4,19,13,Furnished,Yes,Ahmedabad,44811
2434,3,1,3,10,Unfurnished,No,Pune,80233
2391,3,3,4,3,Unfurnished,Yes,Delhi,112168
443,3,4,11,13,Semi-Furnished,Yes,Chennai,42914
542,3,3,12,14,Furnished,Yes,Ahmedabad,38518
1819,2,3,12,8,Furnished,Yes,Delhi,92194
1053,4,2,14,4,Unfurnished,No,Mumbai,89735
2328,2,1,18,4,Furnished,No,Mumbai,127037
2590,5,3,14,7,Furnished,No,Delhi,141590
2616,5,1,6,7,Furnished,Yes,Mumbai,161674
2065,5,2,15,3,Semi-Furnished,No,Chennai,83939
443,2,2,7,3,Furnished,Yes,Chennai,36702
1494,3,4,2,7,Semi-Furnished,Yes,Mumbai,106388
2571,5,1,3,3,Furnished,No,Bangalore,124392
1688,5,3,20,13,Semi-Furnished,Yes,Bangalore,103447
1818,4,1,5,4,Furnished,Yes,Mumbai,118483
2426,5,1,18,12,Semi-Furnished,Yes,Pune,97141
2427,2,4,9,5,Unfurnished,No,Ahmedabad,66959
2958,2,3,15,15,Furnished,No,Mumbai,153421
2560,4,1,10,3,Semi-Furnished,Yes,Bangalore,114162
2815,5,4,6,10,Unfurnished,Yes,Chennai,104589
2251,1,2,14,3,Unfurnished,No,Pune,70233
407,1,2,8,14,Furnished,No,Mumbai,38091
2263,2,3,16,8,Unfurnished,Yes,Mumbai,128045
2969,4,3,7,11,Unfurnished,Yes,Delhi,138741
2261,5,2,7,4,Furnished,No,Hyderabad,104681
1330,3,4,2,3,Semi-Furnished,Yes,Chennai,65133
1553,4,2,19,15,Furnished,Yes,Chennai,69614
2172,2,4,7,12,Furnished,Yes,Pune,87647
894,3,2,13,13,Semi-Furnished,No,Chennai,43692
1369,2,2,14,3,Semi-Furnished,Yes,Bangalore,70224
1664,1,2,18,10,Semi-Furnished,Yes,Ahmedabad,51495
2969,1,4,15,7,Unfurnished,No,Bangalore,114870
1656,3,2,16,5,Unfurnished,Yes,Ahmedabad,57385
589,1,1,17,9,Semi-Furnished,No,Ahmedabad,22610
1714,4,4,2,1,Furnished,No,Pune,86674
856,4,4,6,6,Semi-Furnished,Yes,Ahmedabad,46990
574,3,2,8,7,Unfurnished,No,Chennai,35386
1900,4,3,5,3,Unfurnished,Yes,Mumbai,131321
2247,2,2,19,9,Semi-Furnished,No,Mumbai,125458
1023,5,1,14,8,Unfurnished,No,Bangalore,69785
2734,1,3,5,12,Unfurnished,No,Chennai,74228
612,2,1,2,8,Semi-Furnished,No,Hyderabad,33362
2562,2,1,18,6,Semi-Furnished,Yes,Chennai,80824
1816,4,3,17,3,Semi-Furnished,Yes,Hyderabad,93743
659,1,3,5,6,Semi-Furnished,No,Bangalore,40768
2460,4,3,15,15,Unfurnished,No,Bangalore,110691
1992,4,1,14,0,Furnished,Yes,Mumbai,133292
438,3,1,11,9,Unfurnished,Yes,Mumbai,50958
1187,3,3,9,5,Unfurnished,Yes,Pune,60107
1660,5,3,3,6,Unfurnished,Yes,Ahmedabad,65154
1953,2,3,10,12,Unfurnished,No,Ahmedabad,55100
1742,4,1,4,10,Unfurnished,No,Pune,64594
1734,4,2,11,7,Unfurnished,Yes,Bangalore,88377
2655,5,3,5,7,Unfurnished,Yes,Ahmedabad,86397
1541,3,2,6,15,Furnished,No,Bangalore,73736
1447,4,1,4,5,Unfurnished,Yes,Delhi,80778
881,5,1,14,15,Unfurnished,No,Hyderabad,55935
1861,2,2,12,7,Semi-Furnished,Yes,Bangalore,83379
1515,4,2,20,7,Unfurnished,No,Hyderabad,75100
2549,5,1,10,1,Semi-Furnished,Yes,Chennai,93376
991,4,3,14,7,Semi-Furnished,No,Ahmedabad,46431
2700,2,4,12,13,Furnished,Yes,Delhi,126647
2995,1,2,8,10,Unfurnished,Yes,Bangalore,104970
2730,5,4,18,4,Furnished,No,Hyderabad,127615
436,2,2,16,4,Unfurnished,Yes,Mumbai,52947
2982,2,2,18,10,Unfurnished,No,Pune,94611
543,2,1,10,14,Furnished,Yes,Pune,34518
1015,5,4,13,5,Semi-Furnished,Yes,Chennai,68848
2196,5,2,17,1,Furnished,No,Delhi,125979
2640,2,2,17,5,Furnished,No,Bangalore,113625
1822,2,1,14,4,Unfurnished,No,Pune,63979
672,2,3,19,2,Semi-Furnished,Yes,Mumbai,72858
2399,1,3,18,9,Semi-Furnished,Yes,Pune,82558
635,5,2,4,12,Furnished,Yes,Pune,56163
1897,4,4,10,10,Semi-Furnished,No,Hyderabad,93206
829,5,1,19,14,Unfurnished,Yes,Ahmedabad,40826
1568,5,1,2,6,Semi-Furnished,Yes,Mumbai,116082
1472,5,1,7,1,Semi-Furnished,Yes,Hyderabad,79121
1798,4,1,4,11,Furnished,No,Hyderabad,79777
2112,1,2,5,7,Unfurnished,No,Bangalore,75472
1564,4,4,10,15,Unfurnished,Yes,Ahmedabad,60957
1433,3,1,18,13,Furnished,No,Chennai,57412
2048,5,4,18,8,Unfurnished,Yes,Ahmedabad,74485
1558,2,3,5,13,Unfurnished,Yes,Bangalore,73553
2144,4,1,1,15,Unfurnished,No,Hyderabad,78134
1446,1,3,2,13,Furnished,No,Bangalore,65122
1703,5,3,19,11,Furnished,Yes,Ahmedabad,74402
2411,1,1,3,12,Furnished,Yes,Bangalore,85754
552,5,4,4,4,Furnished,Yes,Ahmedabad,52851
1747,3,2,14,0,Semi-Furnished,Yes,Hyderabad,83054
2678,5,1,3,1,Semi-Furnished,No,Ahmedabad,79739
2271,3,3,3,11,Unfurnished,Yes,Ahmedabad,63098
896,4,4,17,1,Unfurnished,Yes,Delhi,81948
646,1,2,1,13,Furnished,Yes,Hyderabad,33934
2905,3,2,15,6,Semi-Furnished,No,Delhi,128443
2719,1,1,4,13,Semi-Furnished,No,Ahmedabad,63325
2751,2,3,2,9,Furnished,Yes,Mumbai,143289
2826,3,3,9,15,Furnished,No,Mumbai,155378
1823,1,3,12,9,Furnished,Yes,Delhi,85825
2779,2,1,20,10,Unfurnished,No,Delhi,113216
2643,3,1,13,2,Unfurnished,Yes,Bangalore,109819
1042,1,2,16,2,Semi-Furnished,Yes,Chennai,43445
1172,1,3,15,10,Unfurnished,Yes,Hyderabad,53079
1588,4,4,10,12,Furnished,Yes,Pune,84027
1386,2,4,11,2,Semi-Furnished,No,Chennai,62636
1098,4,3,13,6,Semi-Furnished,Yes,Delhi,83207
2085,3,3,8,12,Unfurnished,No,Delhi,100751
2073,5,1,5,11,Semi-Furnished,Yes,Chennai,78767
796,1,2,18,4,Semi-Furnished,Yes,Chennai,38147
838,5,4,20,14,Furnished,Yes,Pune,72898
